<?xml version="1.0" encoding="UTF-8"?>
<config date="1526464064799" transient="false">
	<site updateable="true" url="platform:/base/" enabled="true" policy="USER-EXCLUDE">
		<feature id="org.eclipse.e4.rcp" version="1.6.3.v20180329-0507" url="features/org.eclipse.e4.rcp_1.6.3.v20180329-0507/">
		</feature>
		<feature id="org.eclipse.emf.ecore" version="2.13.0.v20170609-0707" url="features/org.eclipse.emf.ecore_2.13.0.v20170609-0707/">
		</feature>
		<feature id="com.helloworld.tycho.feature" version="1.0.0.201805160947" url="features/com.helloworld.tycho.feature_1.0.0.201805160947/">
		</feature>
		<feature id="org.eclipse.emf.common" version="2.13.0.v20170609-0707" url="features/org.eclipse.emf.common_2.13.0.v20170609-0707/">
		</feature>
	</site>
</config>
